,Date,Price,change,cmo,ear,ena
0,2022-09-09,82203.99,-0.1,36.9792604,71955.16413897042,9453.021976159289
1,2022-09-02,82985.23,-0.3,50.1889962,73752.57661335345,9475.869195635243
2,2022-08-26,82117.59,-1.0,51.648967,75385.03543922557,11857.23277987136
3,2022-08-19,84655.69,-0.8,70.648587,76639.6648318208,14461.811971714842
4,2022-08-12,84029.98,1.61,91.1181776,77767.38126548856,12490.554733171524
5,2022-08-05,83770.98,0.19,98.6680266,79414.99603459731,9679.318389000333
6,2022-07-29,81253.39,0.08,72.0085598,81592.91666649295,10270.077896758912
7,2022-07-22,79163.24,0.54,66.8086638,83305.68602891588,11171.694022087644
8,2022-07-15,77786.43,-0.0,56.9588608,84861.83383477746,11657.354775240903
9,2022-07-08,78665.6,0.29,55.8588828,86129.37987459856,12491.655584884464
10,2022-07-01,78919.17,0.17,45.349093,86994.22076679782,14187.088023765818
11,2022-06-24,78821.18,-0.3,50.0789984,87660.60864840217,16254.009664422456
12,2022-06-17,80519.03,0.12,50.1689966,88126.82669428886,17577.86683261315
13,2022-06-10,78922.18,-2.1,57.888842200000006,88097.33797995289,18542.53206201112
14,2022-06-03,82629.31,-1.0,39.499210000000005,88231.42532955203,17750.066107123417
15,2022-05-27,83319.65,-0.9,42.2791544,88435.17261909237,16581.92279617575
16,2022-05-20,83786.28,0.55,40.9191816,88612.15685310203,18509.949620734427
17,2022-05-13,81141.17,0.66,11.4814005,88562.16192698154,18623.461776939548
18,2022-05-06,80786.69,-0.9,15.450186,88346.33277250083,24727.336242913185
19,2022-04-29,83185.41,-1.8,24.450147,87518.01510437077,21999.664803479776
20,2022-04-22,82828.69,-1.4,20.3599455,87268.62919413656,24586.83601869469
21,2022-04-08,85700.69,1.0,30.4678275,85105.76694037956,27957.32658674334
22,2022-04-01,86516.05,1.74,32.114532,83548.14881962427,29366.745671148867
23,2022-03-25,85075.42,0.35,9.060669,81686.85989421334,34106.744517321386
24,2022-03-18,80868.28,2.53,10.01682,79531.3883887522,34397.12140014496
25,2022-03-11,77048.11,-1.0,9.489594,77159.20032268681,31169.91191980642
26,2022-03-04,77622.07,-0.9,7.7318295,75869.85879741001,34794.60841735771
27,2022-02-25,78061.42,0.22,8.795071499999999,73618.23999842,42381.72430829216
28,2022-02-18,77266.23,-0.4,7.7326815,69583.16404595,48195.35532921
29,2022-02-11,76521.94,-0.7,5.296773000000001,64434.82484985,50579.45734550664
30,2022-02-04,77264.2,-0.9,10.0547625,58247.57639327,43147.65006590912
31,2022-01-28,77238.35,0.6,46.5858015,53642.74918451,36161.46757505159
32,2022-01-21,76093.33,-0.0,46.877568700000005,51798.70834555,42570.2188378104
33,2022-01-14,74361.05,0.71,38.2080975,48163.24205212,53188.030114377376
34,2022-01-07,71742.54,-0.2,56.69746590000001,40662.18572797,41479.8422359003
35,2021-12-17,77031.56,0.82,84.5683086,30085.58405267,26078.540976053428
36,2021-12-10,77999.16,0.44,56.648867,28711.42796591,22999.087191911327
37,2021-12-03,78232.76,1.54,41.6091678,27903.62862741,20878.22687673168
38,2021-11-26,75819.95,-1.6,88.2282354,27364.06535489,21039.96967964521
39,2021-11-19,75739.24,1.07,68.90862179999999,26597.06672156,19034.690599350823
40,2021-11-12,77504.23,-1.3,99.6380072,26368.4933632,17025.04393533076
41,2021-11-05,75628.62,0.79,94.0881182,26335.96206642,17785.537679695528
42,2021-10-29,74371.37,-0.8,161.0067798,25594.09011067,17994.777948489842
43,2021-10-22,74861.94,-2.0,172.59654799999998,24976.60940503,18311.225033492385
44,2021-10-15,79683.66,0.17,198.73602520000003,23913.78493175,15187.217841123129
45,2021-10-08,77992.78,2.08,426.191476,23525.4954676,12149.794841270144
46,2021-10-01,78892.19,0.76,533.3493328000001,23717.70338437,7928.9666280814845
47,2021-09-24,80060.46,-0.2,712.71766,24853.18569389,8260.165642337599
48,2021-09-17,79775.16,-0.2,868.2826339999999,25702.59308808,9040.604805155672
49,2021-09-10,79634.88,-0.2,1211.5247312,26894.82151104,7544.384076866855
50,2021-09-03,79980.68,-0.6,1022.0699637,28933.12916509,7405.832058100901
51,2021-08-27,80588.43,0.52,2442.3296349,30762.25684543,7688.455691183604
52,2021-08-20,80265.88,2.25,3044.3891109999995,32647.99014332,7846.805521740664
53,2021-08-13,78002.98,1.36,2900.94198,34106.6632534,8072.867120029383
54,2021-08-06,78404.69,0.73,2540.1291964,35347.40020164,8387.985919459117
55,2021-07-30,78147.84,-2.2,1238.97522,36521.20132629,9017.79309465182
56,2021-07-23,80336.82,-1.2,1109.4878098,37814.14012088,9509.9372498894
57,2021-07-16,81159.03,-0.0,1030.529389,38926.50951846,9787.34133596008
58,2021-07-02,80485.38,0.92,944.531109,40649.55108783,12919.097169928024
59,2021-06-25,81849.59,-1.3,641.0734070000001,41248.95365515,13024.363703993697
60,2021-06-18,84007.25,0.54,410.1773864,42098.15230152,14318.339458662009
61,2021-06-11,83646.9,-1.0,403.8137322,43046.13802698,14649.737824572843
62,2021-06-04,84740.13,0.35,314.42626140000004,44076.1266415,14564.183239973208
63,2021-05-28,83585.43,-0.2,277.932169,44571.48491743,15072.564683250524
64,2021-05-21,82615.73,0.14,214.1359282,45164.5768202,15230.459339929415
65,2021-05-14,80879.03,1.56,151.6168196,45924.29253078,16198.77581414
66,2021-05-07,80260.32,1.35,131.645298,46674.90222219,16863.57720553
67,2021-04-30,80122.1,-1.3,157.816204,47630.58651958,17720.49328921
68,2021-04-23,81343.06,0.7,159.47368830000002,48115.5944647,18652.87040325
69,2021-04-16,81084.32,1.67,120.3980849,48409.51184501,19410.21062458
70,2021-04-09,80021.07,-0.6,143.5521719,48865.71721469,21085.00697565
71,2021-03-26,78925.56,0.78,129.40507940000003,48179.08651864,26571.65484459
72,2021-03-19,78924.6,1.69,123.9288736,47099.739806640006,31522.44795585
73,2021-03-12,75848.5,0.16,74.6094016,45152.27291656,34438.4559714
74,2021-03-05,75494.25,-0.3,134.581282,42600.66413103,33688.16534986
75,2021-02-26,74396.16,-1.8,175.7364852,39999.63527418,33334.4243391
76,2021-02-19,78962.41,-0.4,166.41667159999997,37740.84966721,33384.76206102
77,2021-02-12,81022.74,-0.6,179.23847740000002,35309.17258017,29615.10597125
78,2021-02-05,82377.04,0.18,147.9219358,33264.12440165,28848.70636517
79,2021-01-29,78922.76,-1.8,177.7264454,32340.52059865,31537.7733634
80,2021-01-22,79325.78,-0.9,223.695526,31156.60089031,34855.76115056
81,2021-01-15,83433.82,-0.3,361.7327652,28924.77415976,27786.23392728
82,2021-01-08,82376.05,3.52,281.4843702,27497.14530634,26858.8358393
83,2020-12-18,80792.72,-0.2,262.8347432,23402.34261848,21252.69830309
84,2020-12-11,80370.24,2.35,212.1959592,23522.13631774,18475.14427875
85,2020-12-04,78208.45,-0.3,744.4151113999999,23675.65415898,11990.20743071
86,2020-11-27,77637.53,0.02,544.2224594,25905.39882792,12595.5263011
87,2020-11-20,75619.5,-1.2,436.2426167,27456.84173121,13618.48555551
88,2020-11-13,76171.73,2.42,556.6900787,28654.71961635,10424.44543859
89,2020-11-06,76189.2,0.96,331.02068749999995,30957.53037997,10932.29924439
90,2020-10-30,69951.35,-1.5,293.76126550000004,32458.26711342,10292.00896747
91,2020-10-23,72466.15,0.06,301.266675,34659.02412622,7738.26062793
92,2020-10-16,70921.52,0.21,263.5814654,37150.65032976,7345.24270126
93,2020-10-09,69629.0,0.2,245.1380125,39938.34709033,6922.81934381
94,2020-10-02,68242.22,-0.7,167.10941760000003,43439.22447433,7454.370370750001
95,2020-09-25,70607.48,-0.2,93.0402471,46783.26735045,7418.799882560001
96,2020-09-18,70666.08,-1.6,79.8932816,49969.978377390005,7536.63747184
97,2020-09-11,70934.89,-1.7,67.64821090000001,52984.64308343,8968.86744292
98,2020-09-04,72487.91,0.08,61.5117412,55592.76699098,10441.86503641
99,2020-08-28,73217.55,1.16,54.13657430000001,57730.97007372,13141.27673203
100,2020-08-21,72236.95,1.26,86.0669865,58796.69105461,15403.21479936
101,2020-08-14,72113.22,0.57,94.1191612,60082.87593712,10389.32234294
102,2020-08-07,75172.68,-1.2,86.12968000000001,62284.25533053,10468.1110777
103,2020-07-31,76523.66,0.5,88.4394966,64130.32344642,11240.98560466
104,2020-07-24,74902.65,-0.3,85.3265811,66004.19659438,11949.76455443
105,2020-07-17,74360.87,2.46,83.1789727,67397.91231685001,14281.42146305
106,2020-07-10,72050.39,0.05,81.8783624,68420.69069943001,17587.17701127
107,2020-07-03,71605.19,1.21,93.3645837,69053.97946786,17768.820612080002
108,2020-06-26,68502.85,-1.5,110.5092774,69886.51070424,14756.24541413
109,2020-06-19,70358.71,1.29,116.4698665,71020.02884369,16278.38757955
110,2020-06-12,68313.62,-1.3,85.39339050000001,71192.01334620001,19188.7508675
111,2020-06-05,67879.29,0.56,77.721417,71211.02961807,17537.07015533
112,2020-05-29,66370.28,-0.3,69.71554950000001,71739.78226624,18863.29837714
113,2020-05-22,62077.59,0.91,60.8066505,71499.15287751,19592.32415757
114,2020-05-15,59058.84,-0.5,32.167651500000005,71431.27833718,20054.4898722
115,2020-05-08,59809.31,3.11,19.593507,71396.5745424,21520.30708341
116,2020-04-24,58512.88,-6.0,0.0,70797.91314291,27260.00002625
117,2020-04-17,61893.48,0.03,0.0379425,69414.93169796,28227.175057120003
118,2020-04-03,55414.6,-1.3,0.0,66893.17039277,32795.79308496
119,2020-03-27,56903.76,-3.4,95.138727,64604.52246447,36729.19638664
120,2020-03-20,54810.36,-2.0,114.4622679,61229.53026454,34927.4623991
121,2020-03-13,66426.49,8.99,94.1168617,59449.97340562,43157.36228526
122,2020-03-06,76268.96,-3.5,55.40873740000001,56007.36794848,51872.81020121
123,2020-02-28,75555.55,0.87,117.7474375,50258.37702634,47158.40765926
124,2020-02-21,79639.35,0.59,144.8837428,45584.64692665,48059.02553664
125,2020-02-14,78712.14,-0.3,147.3081036,40950.19604074,47251.34321756
126,2020-02-07,77712.6,-1.6,186.8633548,35133.068328990004,39749.43469141
127,2020-01-31,78308.77,-1.3,318.04363900000004,32546.48327939,37788.69038876
128,2020-01-24,81022.53,-0.0,348.9959277,29361.54537124,29905.32037373
129,2020-01-17,79920.64,0.47,263.03473920000005,28258.70165686,29359.15371402
130,2020-01-10,78598.22,1.11,361.6127676,27276.80083412,28386.66172306
131,2020-01-03,77360.3,-0.0,287.3042538,26498.85728347,22836.36843832
132,2019-12-27,76224.11,0.19,193.2761344,26752.52035541,26129.26484835
133,2019-12-20,74498.7,0.18,226.7554648,25959.58063485,27687.2783364
134,2019-12-13,72677.11,1.06,215.245695,25153.05113968,24660.38917408
135,2019-12-06,70743.62,0.36,233.2553348,24883.33425368,20878.07426238
136,2019-11-29,69397.56,0.76,314.79370400000005,25346.33936057,15926.14577978
137,2019-11-22,68847.6,0.87,323.293534,26416.741479,14659.60463229
138,2019-11-08,68415.09,-0.7,333.9133216,28191.77817241,11504.71261142
139,2019-11-01,68256.96,0.45,309.2738144,29710.61873534,10482.44392438
140,2019-10-25,65270.99,-0.7,265.1246974,31624.73099125,9188.12010444
141,2019-10-18,65726.61,0.62,262.7147456,34103.95357078,9140.9094448
142,2019-10-11,66448.69,0.27,259.4848102,36613.14230825,8898.087206260001
143,2019-10-04,67654.1,0.59,229.6054078,38850.15477528,8543.29470953
144,2019-09-27,67378.78,-0.1,224.4087741,41114.96696647,8322.43805748
145,2019-09-20,68291.56,-1.0,218.6669734,43758.41519483,7955.00398619
146,2019-09-13,67829.85,-0.7,203.0866474,46650.66164336,8632.542749600001
147,2019-09-06,67621.86,-0.6,194.9699302,49238.56221351,9585.40767724
148,2019-08-30,67856.73,1.39,227.08460180000003,51342.15964668,9022.84471481
149,2019-08-23,66156.84,-1.4,229.04534740000005,53183.97575394,9604.38296376
150,2019-08-16,66746.77,1.03,222.3932818,55166.84802869,10391.18210733
151,2019-08-09,68509.29,0.72,220.6920378,56883.86238105,11132.71602856
152,2019-08-02,67230.81,-0.0,203.458834,58113.91791892,11312.10801416
153,2019-07-26,65330.5,0.11,180.5863882,59405.95314171,12264.71812989
154,2019-07-19,66324.73,-0.6,169.9366012,60332.693432600005,13758.006559840002
155,2019-07-12,66667.92,-0.6,172.2265554,61163.05599983,15268.78360522
156,2019-07-05,65164.86,0.23,164.1867162,61383.89984044,16864.90877309
157,2019-06-28,63830.97,1.23,122.397552,61873.28421724,15875.99248177
158,2019-06-21,62210.6,0.01,69.69860600000001,62496.42020325,17577.81156479
159,2019-06-14,61417.69,-0.4,0.0,62460.28391982,20704.17837015
160,2019-06-07,61982.69,0.12,0.0,62294.68786581,22725.88077947
161,2019-05-31,61954.74,2.69,89.19522900000001,61244.14911587,27460.02074044
162,2019-05-24,58257.93,-0.4,113.7746717,60521.96161263,24476.83254538
163,2019-05-17,56362.14,-1.0,66.01995,59779.53083218,24440.69573431
164,2019-05-10,58766.59,-0.0,120.64956150000002,59013.60637538,25281.13003132
165,2019-05-03,58578.61,-0.2,103.7272065,58303.69069262,26292.82970934
166,2019-04-26,58161.63,0.19,125.1267765,57369.04282747,29630.80190959
167,2019-04-12,56073.25,-1.4,142.5166715,53750.21925809,32566.60304411
168,2019-04-05,58395.16,1.1,154.8736965,51731.908876010006,28103.60379277
169,2019-03-29,57449.26,0.66,207.3765052,51184.78625123,33243.52713201
170,2019-03-22,56429.31,0.62,176.5646347,48876.54484768,39019.81235777
171,2019-03-15,57328.06,0.39,223.8325589,45753.51603213,39212.66411182
172,2019-03-08,55585.23,1.8,222.6103805,42747.54608919,40784.12030106
173,2019-03-01,55399.41,-0.7,304.4678299,38961.44205166,34632.86951284
174,2019-02-22,55422.26,0.58,383.220333,36849.88257513,31956.28434642
175,2019-02-15,55303.33,-0.2,434.06675120000006,34750.99769096,25453.5081712
176,2019-02-08,54886.6,0.6,376.7198829,34667.53236176,22721.27743798
177,2019-02-01,55826.64,0.06,291.8600656,35132.22894359,21063.71008437
178,2019-01-18,52869.51,0.65,147.7939172,36943.38115188,24342.17727266
179,2019-01-11,52145.57,0.29,132.1635243,37726.355571060005,27883.7335283
180,2019-01-04,51614.4,0.54,113.0084415,37121.78641207,28464.56893523
181,2018-12-28,49266.22,1.69,76.14696140000001,35690.00333555,23085.44948942
182,2018-12-21,47722.44,-0.5,68.5964702,34821.86317879,24010.82718136
183,2018-12-14,48290.89,0.03,62.1887562,34992.13699481,27579.88251637
184,2018-12-07,47321.27,-0.6,54.13891720000001,34479.85832719,35463.75742095
185,2018-11-30,47257.38,-1.0,96.898062,32130.64251749,34239.2289962
186,2018-11-23,46682.73,-0.3,113.397732,29419.52635256,28800.57963762
187,2018-11-16,47218.9,1.79,114.4777104,28140.87643015,23953.04810168
188,2018-11-09,46183.33,0.8,143.9271214,27517.73546463,21220.7896569
189,2018-10-26,45497.38,1.86,226.3154736,27843.12576701,19870.2915621
190,2018-10-19,43980.48,1.91,267.29465400000004,28029.70653885,20272.388159100003
191,2018-10-05,41414.79,0.43,387.0222594,29090.89603168,12638.85535047
192,2018-09-28,39350.87,0.12,428.0514388,30747.597594090003,12014.87717091
193,2018-09-21,39847.73,1.56,478.9304212,32345.23551132,12067.544251800002
194,2018-09-14,38829.58,-0.5,482.0703584,33674.96414831,9257.63046437
195,2018-08-31,39715.85,0.61,766.2646744,36374.07838672,10161.00533992
196,2018-08-24,39368.29,-0.4,763.6547266,38211.35188791,10606.82843743
197,2018-08-17,40705.44,0.17,757.8248432,40353.89652307,10483.73621621
198,2018-08-10,39650.19,-1.7,784.8843019999999,42206.87041858,11752.5972957
199,2018-08-03,41595.68,1.83,763.7547245999999,43582.1606545,10123.30402606
200,2018-07-27,40941.74,-0.0,603.8179234,45261.71844397,10532.77810366
201,2018-07-20,41243.2,1.84,588.288234,46969.40236266,10767.17304428
202,2018-07-13,39328.46,0.59,543.7391250000001,48606.48154692,11516.2239852
203,2018-07-06,39121.87,-0.0,517.6296472,49924.00708952,13452.72503727
204,2018-06-29,38562.4,0.25,515.0396989999999,51140.65991323,13801.50745538
205,2018-06-22,38690.29,0.84,471.140577,52273.94498596,14288.11493226
206,2018-06-15,39021.85,-0.3,462.844359,53010.41286622,16494.27371645
207,2018-06-08,39541.51,0.56,405.2176323000001,53636.48131384,16156.82601858
208,2018-06-01,41388.24,3.17,363.755193,54278.40094639,16069.41852864
209,2018-05-25,40696.71,-0.6,286.93964040000003,54699.705333130005,17723.24540326
210,2018-05-18,41032.52,-0.5,269.8762563,54755.92143383,17897.63187403
211,2018-05-11,42855.66,-0.1,248.192059,55394.61687811,18333.01505842
212,2018-05-04,43076.93,-0.0,191.7883708,56157.79861627,19577.49000194
213,2018-04-27,43684.86,0.58,124.433115,56641.02238232,21780.99244032
214,2018-04-20,42644.38,-0.1,114.8874171,57109.34518245,25378.25876301
215,2018-04-13,41418.06,-0.8,85.9739891,56294.49399821,27852.67606655
216,2018-04-06,41627.02,-0.4,27.280554100000003,55301.23002711,31359.04952642
217,2018-03-23,41512.93,0.23,200.1071046,52223.53320284,32544.04990627
218,2018-03-16,41641.34,-0.0,214.32406010000005,50912.60182794,34741.13212953
219,2018-03-09,42013.04,0.45,205.263533,49376.19332469,34539.28942727
220,2018-03-02,42010.05,0.58,181.0146441,47857.6169736,34495.40841843
221,2018-02-23,42551.42,1.28,180.7021533,46069.32768722,32371.9546813
222,2018-02-16,40782.65,0.22,137.172078,44997.84163906,30724.16699944
223,2018-02-09,39844.91,-0.7,155.1774752,43195.17091253,33912.961183880005
224,2018-02-02,40563.17,-0.5,149.9478645,40879.54043574,32926.71828177
225,2018-01-26,40572.25,1.95,170.3747128,39097.0196661,32323.25722795
226,2018-01-19,39239.7,0.63,146.38305179999998,38140.68008599,36944.48780307
227,2018-01-12,39215.09,-0.3,161.16218,35980.74143839,40265.93078312
228,2018-01-05,39255.19,0.29,177.6678679,31401.02779647,38065.63531528
229,2017-12-22,38696.16,0.39,273.6045278,26679.50189,24787.35701
230,2017-12-15,38676.33,1.08,212.4157516,25928.51426,27201.47507
231,2017-12-08,38645.35,0.31,216.2356752,25511.51309,28610.85833
232,2017-12-01,38785.63,-0.3,204.3159136,24469.9842,24584.3455
233,2017-11-24,40156.45,0.16,446.0610786,23827.250460000003,21699.85157
234,2017-11-17,39337.7,0.13,476.8304632,23286.80703,17478.64683
235,2017-11-10,39220.95,-0.5,479.8704024,23322.82076,20020.9153
236,2017-11-03,39228.33,-1.0,823.1435368,23025.82807,20390.430040000003
237,2017-10-27,40899.21,0.25,860.4327910000001,23090.23339,10727.04508
238,2017-10-20,41626.47,0.17,860.8227832,24728.45327,8781.87163
239,2017-10-13,41859.02,-0.2,690.736185,26827.61554,11989.39746
240,2017-10-06,41898.2,-1.1,709.885802,28550.1043,10299.50545
241,2017-09-29,41305.79,1.2,725.6854860000001,30930.48699,7070.62232
242,2017-09-22,42118.53,-0.1,672.7165454000001,33779.90286,7195.32246
243,2017-09-15,42776.92,0.21,599.888002,36491.74632,7463.26004
244,2017-09-08,41988.55,0.93,489.840203,39056.37174,8191.65126
245,2017-09-01,41426.29,0.59,445.8510828,41060.62522,9864.32205
246,2017-08-25,41549.26,-0.6,505.8498828000001,42944.4627,13242.122
247,2017-08-18,40247.66,0.52,519.4196113999999,43784.70311,10659.7315
248,2017-08-11,39906.39,0.08,549.1790162000001,45510.10401,9513.45657
249,2017-08-04,40483.01,0.56,514.1097176000001,47427.45839,10345.26245
250,2017-07-28,39622.12,-0.4,273.22453540000004,49157.76638,10721.81799
251,2017-07-21,40207.72,0.32,270.7045858,50950.68998,11580.67435
252,2017-07-14,40091.59,0.16,253.5649286,52250.83497,12618.88153
253,2017-07-07,39307.09,0.3,230.2353952,53293.63028,14058.01052
254,2017-06-30,38095.18,0.89,143.3326182,54170.10955,15492.61302
255,2017-06-23,37722.2,-0.3,110.2353882,54941.81804,17640.51061
256,2017-06-16,37552.83,0.48,66.1270184,55233.67111,19539.58627
257,2017-06-09,37305.8,0.16,75.46443640000001,55254.34699,25068.98719
258,2017-06-02,37823.84,0.79,110.5824926,55052.47552,24803.08868
259,2017-05-26,37722.23,1.41,454.1689264,54155.32864,29646.17283
260,2017-05-19,36611.2,2.55,418.7806559,52079.60351,22128.00854
261,2017-05-12,40142.53,1.51,393.27354090000006,52373.94008,18996.56826
262,2017-05-05,39144.07,0.87,384.255344,52358.34464,20883.85941
263,2017-04-28,39201.52,0.98,301.619329,52126.7181,23492.829100000003
264,2017-04-07,39024.96,0.31,391.3895771,51808.34782,22967.04705
265,2017-03-31,39971.64,0.66,227.8486315,51942.30217,23427.98862
266,2017-03-24,39592.79,1.44,217.0350267,51992.98813,24040.52707
267,2017-03-17,40116.41,-0.1,216.2244195,51684.52487,23946.9661
268,2017-03-10,39985.9,0.5,168.9880369,51981.66856,27359.58869
269,2017-03-03,40855.96,1.32,157.2712768,50826.9944,26874.56127
270,2017-02-24,40518.88,-0.0,111.1242342,50189.06231,24512.34133
271,2017-02-17,40398.98,0.01,113.6464908,50507.33991,31890.44453
272,2017-02-10,39291.13,0.69,107.8377595,49387.211780000005,33775.93304
273,2017-02-03,39364.55,0.74,96.8211037,47470.87576,31889.69569
274,2017-01-27,38754.31,-0.6,116.6944989,46102.13291,34142.45148
275,2017-01-20,38235.31,0.8,118.2938363,43875.31228,30286.04245
276,2017-01-13,37847.18,0.57,93.9330656,42121.00226,24730.81919
277,2017-01-06,36110.92,-0.5,133.6373272,42024.14779,23050.23565
278,2016-12-23,34597.47,0.18,134.76730460000002,43075.56353,25370.54334
279,2016-12-16,34135.61,0.58,152.35695280000002,42296.1578,26434.59174
280,2016-12-09,33988.33,0.65,128.6197726,41667.16784,21065.38218
281,2016-12-02,33707.54,0.63,172.8765424,42375.20289,18534.6489
282,2016-11-25,34616.13,-0.2,190.95618080000003,43076.09642,19216.61777
283,2016-11-18,34547.28,1.56,216.9756604,43432.32904,19912.34542
284,2016-11-11,33913.08,-3.9,224.395512,42843.12541,13978.83899
285,2016-11-04,37007.19,-0.2,221.8979733,44112.78226,14884.22274
286,2016-10-28,38497.21,0.22,152.6569468,44891.83296,17507.30717
287,2016-10-21,38186.48,0.49,184.0063198,45839.71162,16600.41102
288,2016-10-14,37461.5,0.24,203.9059218,47333.76586,12651.13626
289,2016-10-07,36893.72,0.64,198.8560228,49209.95105,10771.11168
290,2016-09-30,36307.19,-0.6,147.24797890000002,51125.41865,9419.75572
291,2016-09-23,37258.01,-0.5,128.247435,53325.39819,10259.50356
292,2016-09-16,36416.23,-1.1,126.2417488,55407.35975,11431.2388
293,2016-09-09,36936.8,-3.2,122.7841,57227.83742,14873.45898
294,2016-09-02,38273.42,2.32,124.4430716,58160.31165,14491.00136
295,2016-08-26,36568.6,0.54,76.2966318,59453.88424,17323.581570000002
296,2016-08-19,36947.3,0.31,92.0548262,60068.25358,13414.94648
297,2016-08-12,36693.85,-0.5,94.3872617,62161.57754,11804.80893
298,2016-08-05,36789.32,-0.4,95.4878781,63980.02612,11563.66451
299,2016-07-29,36797.87,1.59,66.2096024,65668.46261,12622.79286
300,2016-07-22,36273.23,0.83,66.75335,67258.02192,14587.27612
301,2016-07-15,34790.63,1.11,66.4954812,68301.43765,17569.78509
302,2016-07-08,32557.33,1.75,64.6249517,69800.96559,14854.48336
303,2016-07-01,30713.24,-0.2,62.2876946,70947.00098,16516.12591
304,2016-06-24,29540.43,-1.0,56.276058500000005,71534.91219,20259.62298
305,2016-06-17,27746.44,0.69,70.6257755,72092.85274,20910.59461
306,2016-06-10,27376.99,-1.7,56.3011022,72235.63668,20917.56506
307,2016-06-03,27439.82,0.65,70.239244,72125.58866000001,20636.60688
308,2016-05-27,26775.51,0.32,60.1201037,72465.78875,21801.92237
309,2016-05-20,27133.68,0.71,61.9911422,71757.84645,19891.96783
310,2016-05-13,28510.16,-1.9,65.9058752,72239.15033,20438.63728
311,2016-05-06,28208.75,0.02,72.6154547,73052.43993000001,18250.59791
312,2016-04-29,28667.2,-1.2,80.4444999,73417.81572,19681.72929
313,2016-04-22,28375.79,0.22,79.8755747,73683.14456,18084.91237
314,2016-04-15,28335.4,1.57,78.111356,74363.2027,20687.39743
315,2016-04-08,26866.4,2.83,76.79969270000001,74681.01219000001,23983.92899
316,2016-04-01,27890.0,0.11,71.3257529,74613.3028,29605.72176
317,2016-03-18,27379.44,-0.0,61.0278708,71941.24473,32829.39125
318,2016-03-11,27540.18,1.55,73.4548372,69437.11142,36495.46999
319,2016-03-04,26242.86,0.97,58.2932267,66636.2682,33221.02132
320,2016-02-26,24288.81,-1.7,43.0080178,64925.94433,28229.28857
321,2016-02-19,24800.37,-1.0,29.1912233,63271.86692,33266.52472
322,2016-02-12,23786.17,-0.8,18.998839900000004,60994.247,33435.90468
323,2016-02-05,24439.65,1.43,38.9427616,58813.37735,39095.09142
324,2016-01-29,24033.85,5.12,56.93557560000001,55308.70381,44955.05986
325,2016-01-22,21424.73,2.41,60.0300495,51228.838950000005,53888.4763
326,2016-01-15,21670.9,-1.5,93.3775649,43761.77201,40583.13014
327,2016-01-08,22660.84,-0.8,87.3178718,40200.60062,27469.25012
328,2015-12-18,24063.55,-3.2,121.0802538,37436.82662,20974.65084
329,2015-12-11,24758.34,0.05,150.1176252,37080.08118,23700.24895
330,2015-12-04,24664.33,-2.3,166.7515378,36324.18672,22349.37008
331,2015-11-27,25714.15,-2.8,207.6573363,35965.02989,19579.29781
332,2015-11-13,27016.72,-0.4,194.0124047,35803.61402,17642.71626
333,2015-11-06,27235.76,-2.2,224.3526288,36104.11948,17910.96515
334,2015-10-30,26711.21,2.36,207.4597155,36452.8794,13578.9879
335,2015-10-23,26745.96,-1.2,205.3509609,37332.04176,11450.33612
336,2015-10-16,26557.8,-1.4,189.4862102,38821.39957,18357.46075
337,2015-10-09,26902.59,0.9,202.3759524,39651.0344,11938.9988
338,2015-10-02,25951.19,2.45,191.0661786,41019.29456,13768.25628
339,2015-09-25,25274.34,-1.0,211.2809104,41936.77634,11888.42509
340,2015-09-18,26350.37,-2.8,196.626758,43179.61276,18214.04953
341,2015-09-11,25620.85,0.61,229.2577631,42893.21988,17299.99509
342,2015-09-04,25239.2,-1.9,260.3647926,43272.0844,9353.02294
343,2015-08-28,26156.44,-1.4,145.3875778,44596.42752,10150.29588
344,2015-08-21,26458.55,-3.0,143.22166470000002,45911.36667,9502.85121
345,2015-08-14,27810.98,-0.6,136.1124408,47278.20498,10342.72065
346,2015-08-07,28233.56,-1.5,135.3307867,48368.9139,12377.65582
347,2015-07-31,29605.9,1.66,190.2017787,48935.61989,14897.151860000002
348,2015-07-24,28758.31,-2.4,166.9508707,48912.961350000005,18052.31888
349,2015-07-17,30564.79,-1.4,239.18886530000003,48468.7719,23760.82373
350,2015-07-10,30360.01,0.15,315.4736904,47101.56896,21056.873020000003
351,2015-07-03,30695.39,0.01,374.8810153,46251.31775,15453.6984
352,2015-06-26,30291.98,1.96,361.442771,46506.25008,14369.44412
353,2015-06-19,30445.47,-0.0,349.1730164,46236.78966,17229.730330000002
354,2015-06-12,29992.89,-0.7,379.3324132,46005.64287,15764.10126
355,2015-06-05,30520.38,-0.7,367.9026418,45915.60905,17666.584310000002
356,2015-05-29,30202.54,-2.4,447.9765534,45234.92757,19644.78172
357,2015-05-22,30518.72,-0.2,418.3376384,44869.08499,17864.69371
358,2015-05-15,31260.31,0.97,391.8579544,44573.38071,21899.669970000003
359,2015-05-08,31261.94,1.44,414.9257234,43342.68572,20037.02221
360,2015-04-24,29391.29,0.37,900.5667010000001,41490.22114,22836.49736
361,2015-04-17,28700.43,-0.5,876.4799682,40164.95369,22025.17982
362,2015-04-10,28551.62,0.26,841.2102482,39455.03639,25374.41953
363,2015-03-27,26927.19,-0.3,1143.3046694,35280.10456,30879.37398
364,2015-03-20,27658.17,3.65,1025.2509408,32094.54278,30353.60277
365,2015-03-13,25765.34,-0.8,1086.6752686,29642.59925,27870.71473
366,2015-03-06,25788.51,-0.0,1162.4135791,28025.14499,22286.43951
367,2015-02-27,26521.88,-1.2,1473.9857999,27126.96914,25214.723520000003
368,2015-02-20,25673.35,-1.6,1212.3001205,25578.95506,26860.1333
369,2015-02-13,25391.92,1.62,2006.4485489,23978.03216,23828.32394
370,2015-02-06,24480.53,-1.2,1658.8487348,22883.2623,17556.37785
371,2015-01-30,24635.26,-3.0,1439.5648943,23226.60236,14253.20325
372,2015-01-23,24867.91,-1.1,1263.2429205,23951.09824,11964.97311
373,2015-01-16,26538.66,1.97,917.5516486,25500.2682,14474.73947
374,2015-01-09,25774.12,-5.0,494.390112,26583.16432,18910.34511
375,2015-01-02,26473.35,-2.5,529.3494128,26483.16815,24296.640590000003
376,2014-12-26,27015.48,0.87,656.6968658000001,25231.97475,28363.82426
377,2014-12-19,26281.62,1.28,645.2770942,23071.08579,22784.85061
378,2014-12-12,26655.94,-0.7,659.7468048000001,21834.53106,19501.53291
379,2014-12-05,27589.25,0.24,549.8190034,22156.58628,19914.56727
380,2014-11-28,28314.98,0.32,1048.1190372,21249.69224,16228.25727
381,2014-11-21,28019.1,4.26,1125.8874818000002,22164.47568,11164.70898
382,2014-11-14,26020.09,-0.9,1092.0481586,23241.13495,12464.62315
383,2014-11-07,26474.05,1.02,1009.7998036,24396.22049,11195.03583
384,2014-10-31,26451.47,1.16,890.1021976,26267.13591,8213.66047
385,2014-10-24,25779.43,2.55,852.682946,28259.41078,7944.253390000001
386,2014-10-17,27538.31,2.22,802.3639524,30306.54492,8190.68602
387,2014-10-10,27474.62,-2.1,646.5997832,32455.07442,10267.20016
388,2014-10-03,27144.35,1.17,664.1067176,33839.8178,18692.3261
389,2014-09-26,28025.53,0.6,731.5753682,34324.85111,12403.04266
390,2014-09-19,28419.12,-0.9,759.9548006,35973.57986,8519.17723
391,2014-09-12,29005.53,-1.6,693.9561206000001,38054.32088,9351.83922
392,2014-09-05,31085.51,-0.3,719.983827,39511.86905,10528.46543
393,2014-08-29,31171.18,1.05,700.6059875999999,41020.94144,8504.93267
394,2014-08-22,30452.5,-0.8,703.0559386,42694.32097,9268.04525
395,2014-08-15,29698.94,2.04,669.7266052,44131.2658,9999.66967
396,2014-08-08,28992.08,0.36,824.4935098,45407.48257,10916.93083
397,2014-08-01,28543.39,0.61,584.0683184000001,46387.55589,13258.73003
398,2014-07-25,29717.94,-0.9,710.1457968,46693.82634,13610.09596
399,2014-07-18,29487.21,1.58,670.3789336,47525.12269,11654.21693
400,2014-07-11,28977.21,0.53,512.1587562000001,48293.377700000005,12187.564600000002
401,2014-07-04,28293.07,1.69,280.410478,49096.46959,13547.98396
402,2014-06-27,28191.38,-0.5,362.5545568,49550.61938,12351.60575
403,2014-06-20,28326.32,-1.8,302.3448289,49838.09892,16879.70221
404,2014-06-13,28029.71,-0.6,333.721126,50132.48481,20746.933780000003
405,2014-06-06,26962.51,1.66,578.8406215,49492.85857,18070.3035
406,2014-05-30,26328.72,-1.1,832.2033556000001,49443.06874,18060.81575
407,2014-05-23,26818.22,0.38,947.8697793,49352.99467,15396.65336
408,2014-05-16,27010.67,0.3,833.5180893000002,48637.06455,13253.76526
409,2014-05-09,26745.94,-1.5,745.0464546,49379.17094,14822.79129
410,2014-05-02,26292.22,1.73,817.1181961,49736.547920000005,20365.86057
411,2014-04-25,25471.71,-1.6,917.4970198,49306.75578,22252.397650000003
412,2014-04-11,24691.97,0.87,1191.1664457,47859.53369,21258.17625
413,2014-04-04,25062.1,-0.2,937.6043681,47711.60635,23104.93197
414,2014-03-28,24617.24,0.5,1239.3474528,47292.71265,22217.74766
415,2014-03-21,23511.55,0.84,1205.1195479,46182.42853,23260.24737
416,2014-03-14,22311.92,-2.1,1000.0350218,46545.53674,24186.91273
417,2014-03-07,22167.93,-3.2,1170.2354648,45569.532490000005,22763.31912
418,2014-02-28,23057.55,-0.0,1427.6504366,45263.65936,19921.6648
419,2014-02-21,22785.1,0.13,1511.7402671,45899.87464,17133.73386
420,2014-02-14,23744.74,-0.8,1423.4922594000002,46548.35882,11286.27602
421,2014-02-07,24467.61,-0.0,1010.4348101,49533.67975,12657.37256
422,2014-01-31,25207.56,1.04,480.99038,51928.3729,16894.83942
423,2014-01-24,25013.49,-0.9,407.5318492,53152.76817,19694.47619
424,2014-01-17,25778.03,-0.5,386.8122636,53569.00849,21569.218210000003
425,2014-01-10,25597.8,0.55,276.69102380000004,53919.26658,21325.09981
426,2014-01-03,26348.26,2.86,247.0050598,54477.57586,26910.74393
427,2013-12-27,26301.71,-0.3,290.7641846,54031.40627000001,28226.12212
428,2013-12-20,26650.53,-0.5,303.9339212,52878.14156,27114.30395
429,2013-12-13,26141.73,-0.2,271.1345772,52592.99582,26297.11549
430,2013-12-06,26407.9,0.87,303.4039318,52674.085600000006,24669.50268
431,2013-11-29,27027.65,1.43,356.95286079999994,52457.30832,21318.91697
432,2013-11-22,26846.16,0.22,333.093338,52698.196,15223.3178
433,2013-11-08,26205.37,-0.6,315.3236934,55745.92579,14866.53436
434,2013-11-01,27540.65,-1.0,307.0238594,56978.54746,13482.20635
435,2013-10-25,27422.28,-0.7,245.5434783,58582.45515,17135.56291
436,2013-10-18,27809.69,0.83,240.8472592,59769.80977,15309.15938
437,2013-10-11,27245.48,0.26,213.8587782,61020.87167,18504.17627
438,2013-10-04,26897.5,-0.3,244.865442,61465.870760000005,17491.09242
439,2013-09-27,27186.76,0.61,257.32735620000005,62558.14931,15581.46937
440,2013-09-20,26809.51,-1.1,271.99456,63743.21094,12352.95102
441,2013-09-13,26904.28,0.39,264.8928712,65898.27088,10915.27114
442,2013-09-06,26918.68,1.26,255.9138346,68091.32223,11910.98542
443,2013-08-30,25316.0,0.19,149.5426354,70147.05813,12697.153660000002
444,2013-08-23,25707.79,0.4,164.5312626,71975.62873,12565.86708
445,2013-08-16,25821.93,0.11,131.9916204,73716.13577000001,13767.50755
446,2013-08-09,26013.16,0.23,159.09681799999998,75087.01974,15177.49324
447,2013-08-02,25667.97,-1.3,148.047039,76346.21132,16480.0956
448,2013-07-26,26325.31,0.05,123.1175376,77227.81252,17359.90555
449,2013-07-19,25544.93,-0.4,114.2512212,78434.96949,16276.647110000002
450,2013-07-12,25341.6,-1.6,96.5115262,79550.34712,19139.81011
451,2013-07-05,24929.11,-0.0,87.8119958,80066.27537,22764.59068
452,2013-06-28,25407.33,0.55,160.80486919999998,79997.22819000001,23694.87261
453,2013-06-21,24760.74,-4.0,187.8562428,79492.62417,23269.85111
454,2013-06-14,26520.53,-1.6,175.51648960000003,79662.99224,20960.96357
455,2013-06-07,27623.51,-1.8,320.93358120000005,79586.25617000001,28299.596950000003
456,2013-05-31,28523.67,-1.8,352.0629586,78117.42695,23288.32976
457,2013-05-24,29712.79,0.16,351.442971,77265.70465,18140.89199
458,2013-05-17,28502.41,0.03,352.1329572,77494.59397,19951.35074
459,2013-05-10,28073.7,-0.0,337.1132576,78034.2293,19229.39447
460,2013-05-03,28147.95,0.38,273.9430317,78201.9272,21716.24459
461,2013-04-26,27472.17,-1.2,127.4576657,77627.26227,26671.00542
462,2013-04-19,27832.68,0.82,149.9070027,76205.62654,36151.7492
463,2013-04-12,27820.67,-0.6,187.4754001,73226.48797,38862.1918
464,2013-04-05,27899.46,1.8,296.4740704,69644.7362,35398.674960000004
465,2013-03-22,26610.1,-0.3,336.0032798,62966.885570000006,36568.15088
466,2013-03-15,28089.2,-0.0,336.0939872,60105.42192,35699.21544
467,2013-03-08,28341.02,-0.5,368.20057900000006,58390.78134,28492.71426
468,2013-03-01,27180.12,-1.1,309.1538168,57149.98054,28429.641990000004
469,2013-02-22,26928.64,0.55,213.8559354,55884.93201,32728.67937
470,2013-02-15,27453.64,-0.2,154.047557,54152.95649,41269.18019
471,2013-02-08,27291.54,-1.0,172.946541,51017.08349,41389.02638
472,2013-02-01,28049.06,0.9,300.9634831,47303.80082,39556.28121
473,2013-01-18,28428.89,0.48,336.28327420000005,41018.44919,37514.69546
474,2013-01-11,27750.14,0.16,554.1721076,36802.62342,25499.00459
475,2013-01-04,28364.26,-2.3,341.0031798,36438.64016,19810.41932
476,2012-12-28,28792.84,1.3,336.115049,36578.92341,17736.23373
477,2012-12-21,28223.43,1.13,181.8264343,37173.85667,20502.3511
478,2012-12-14,27920.87,-0.1,265.88468220000004,37155.36746,17869.43029
479,2012-12-07,27458.01,0.55,200.2559948,38727.63734,16025.33289
480,2012-11-30,27412.32,1.32,312.8637426,40199.76654,16463.2861
481,2012-11-23,26812.25,1.45,317.9236414,41570.21668,14978.22522
482,2012-11-16,27264.57,-0.1,453.840923,42985.6593,16650.03886
483,2012-11-09,27951.07,-1.0,431.7213654,43565.32965,11729.95286
484,2012-10-26,28735.22,-0.1,297.2551917,47975.5293,9889.44292
485,2012-10-19,29071.03,-0.0,322.5102874,50897.13811,7441.03195
486,2012-10-05,29066.16,0.43,179.5723661,56918.11447,9953.23432
487,2012-09-28,30091.23,-0.7,188.6577871,60149.86481,10634.7632
488,2012-09-21,30414.4,0.53,190.64618700000003,62520.43836,9175.50257
489,2012-09-14,29937.97,0.69,182.2263554,65707.1042,8186.279320000001
490,2012-08-31,32805.89,-4.2,138.8072238,71881.48762,9154.60488
491,2012-08-24,35247.71,0.22,129.9108062,74936.10549,9882.48479
492,2012-08-17,35600.17,-0.9,117.47765040000002,77943.88029,10981.90256
493,2012-08-10,35536.09,0.75,107.6078478,80713.90796,12366.9136
494,2012-08-03,34646.85,0.61,89.21821560000001,82913.34408,14456.09298
495,2012-07-27,35024.98,1.14,104.4079118,84605.40174,15954.64271
496,2012-07-20,33942.64,-1.4,107.0378592,86247.58582000001,16155.35271
497,2012-07-13,34107.31,0.21,95.5180896,87747.73607,16823.75283
498,2012-07-06,34547.99,-1.2,56.578868400000005,89206.39077,18108.94774
499,2012-06-29,35416.28,0.47,77.3835587,90711.98805,23185.4545
500,2012-06-22,34560.76,-0.8,102.6179476,90359.93207,24081.25224
501,2012-06-15,35053.88,0.36,148.46703060000002,90240.33921,21843.52282
502,2012-06-08,34593.91,1.02,146.81224100000003,90196.46193,24252.58468
503,2012-06-01,33701.02,-0.1,178.2430308,90118.72168,17050.41111
504,2012-05-25,33678.92,-0.3,191.8561628,91550.93125,16908.76311
505,2012-05-18,34631.23,-0.0,172.54654900000003,93015.44469,18069.4245
506,2012-05-11,36391.25,0.02,180.2863942,94054.78864,18232.50108
507,2012-05-04,35885.56,0.07,189.450111,94893.35,22643.89197
508,2012-04-27,35633.61,0.39,196.4760704,94273.54182,21203.30941
509,2012-04-20,35058.4,0.22,202.175528,95146.72605,18059.21932
510,2012-04-13,34725.84,-0.6,194.6472376,96451.14246,19568.51117
511,2012-03-30,35281.68,0.59,138.8872222,97603.97879,22644.72724
512,2012-03-23,34945.05,-0.1,140.6538516,97830.32788,22998.93971
513,2012-03-16,35054.33,-0.7,134.9214842,98037.00354,20022.31796
514,2012-03-09,34987.32,1.04,98.0762643,99227.37779,21118.11911
515,2012-03-02,34605.12,0.48,57.9579147,100243.48665,26791.13655
516,2012-02-24,33904.37,0.52,49.428864,99639.93768,28866.33003
517,2012-02-17,33651.19,0.41,44.028477,98400.64511,29814.61399
518,2012-02-10,32972.56,0.7,29.4509685,96388.2965,29585.70516
519,2012-02-03,32316.12,-0.1,9.7967535,95890.11254,38191.16414
520,2012-01-27,32154.85,-0.3,7.8745938,93737.46271,40062.0351
521,2012-01-20,32446.19,0.11,6.5673859,90109.5002,46762.86995
522,2012-01-13,32569.37,-0.2,24.2282367,85281.21907,48321.99843
523,2012-01-06,32738.73,0.34,38.261217,79733.02608,40365.56896
524,2011-12-23,32612.85,1.86,39.6326105,73592.70812,31460.42916
525,2011-12-16,31471.04,0.12,32.0695707,72017.60677,30297.4476
526,2011-12-09,30772.91,0.58,48.293502,70617.11899,19821.57879
527,2011-12-02,29651.16,-0.6,60.0787984,71229.41103,20721.8794
528,2011-11-25,29132.03,0.7,43.8291234,72096.4789,19741.51736
529,2011-11-18,28865.46,0.19,38.5792284,73344.95938,19493.90269
530,2011-11-11,29298.32,1.05,42.5391492,73982.94745,12189.22779
531,2011-11-04,29280.32,0.61,36.8292634,76348.52066000001,14881.39586
532,2011-10-28,28833.55,0.24,21.9802696,77881.48668,17859.38855
533,2011-10-21,28184.55,1.13,36.099278,79047.04042,21271.02334
534,2011-10-14,27910.32,0.21,40.8191836,78454.27175,16969.62616
535,2011-10-07,26864.7,-1.3,40.4325958,80049.76845,10561.26338
536,2011-09-30,27810.66,-0.3,22.5319008,82773.2217,9072.96937
537,2011-09-23,27823.43,-1.1,22.060915,85443.52814000001,11088.38551
538,2011-09-16,28857.71,1.21,19.0250204,87919.49924,11131.62913
539,2011-09-09,28413.28,-1.3,13.891942,90529.00549,9829.09821
540,2011-09-02,28315.82,-0.4,13.2918107,93077.93158,13684.79777
541,2011-08-26,27170.28,1.13,21.5294398,95356.05433,13502.88845
542,2011-08-19,27076.73,-1.6,15.984086,97367.18876,11864.17095
543,2011-08-12,26858.41,-1.4,14.535178,99202.90834,16375.36458
544,2011-08-05,27926.7,-0.3,20.8523612,100846.82924,17473.25562
545,2011-07-29,29463.11,0.74,19.3489038,102326.66165,15272.23089
546,2011-07-22,29543.6,0.85,20.7195856,103633.09313,17091.10334
547,2011-07-15,29536.78,-0.4,22.6595468,104891.13753,16304.41645
548,2011-07-08,29854.84,0.12,27.0794584,105959.24745,18512.40941
549,2011-07-01,29981.07,-0.3,28.2194356,106788.20851,18143.65787
550,2011-06-24,29896.84,1.04,27.549449000000003,107710.68378,18719.04869
551,2011-06-17,29518.01,0.33,32.1193576,108610.49091,19077.92282
552,2011-06-10,29333.64,-0.5,30.189396200000004,109252.32959,18331.07317
553,2011-06-03,30069.53,0.71,27.6767514,109902.4659,17055.2782
554,2011-05-27,29614.52,-0.2,15.879682400000002,110599.48644,18497.4975
555,2011-05-20,29918.08,0.34,14.585027500000002,111006.37803,20059.1116
556,2011-05-13,29835.49,-0.3,13.2490967,111152.49585,22058.08909
557,2011-05-06,29942.64,1.53,14.6999188,112665.30476,25064.05512
558,2011-04-29,29581.66,-0.0,5.3195385,110568.17734,26255.65729
559,2011-04-15,29584.6,0.04,0.0,108990.84913,29414.87323
560,2011-04-08,29901.84,-0.5,0.0,107376.16003,34850.85461
561,2011-04-01,30274.87,1.28,0.0,104457.19727,37362.14909
562,2011-03-25,29156.24,0.91,10.9940365,101617.1009,41238.98898
563,2011-03-18,28427.27,0.26,34.1703833,98067.80002,39960.723750000005
564,2011-03-11,28889.83,1.2,0.0,94592.65522,46778.88947
565,2011-03-04,28672.67,0.58,79.5335905,88983.22932,39014.69731
566,2011-02-25,27707.66,-0.1,53.07208610000001,84612.27294,30837.70881
567,2011-02-18,27811.45,0.46,44.6887043,83045.35851,29566.48583
568,2011-02-11,27345.28,0.33,36.184808200000006,81444.35272,28759.93465
569,2011-02-04,27192.43,-0.9,13.3273274,80381.12499,32392.62701
570,2011-01-28,27148.43,-1.5,21.1519175,78584.25743000001,40862.46025
571,2011-01-21,27903.57,-0.5,24.915529900000003,75843.64874,49769.69984
572,2011-01-14,28401.45,0.59,17.1804365,69647.02854,50228.29001
573,2011-01-07,27791.92,0.03,53.7389252,63417.861710000005,45916.76663
574,2010-12-17,26804.46,0.73,72.9972617,52718.42545,29835.5055
575,2010-12-10,26948.38,0.34,89.8866366,51248.17873,27233.08403
576,2010-12-03,27533.01,1.43,83.42471169999999,50466.23056,22909.61304
577,2010-11-26,26613.19,-0.5,103.7379219,51085.8576,22024.00316
578,2010-11-19,26947.05,0.76,125.29728,51361.4904,19710.39505
579,2010-11-12,26335.93,-0.6,120.5150348,51667.86697,16159.85573
580,2010-11-05,26589.07,-0.4,147.0370592,53006.74263,15153.86373
581,2010-10-29,26473.24,0.24,186.1073514,54603.55068,12365.10595
582,2010-10-22,26443.56,-1.2,174.7135344,56774.21995,12629.00021
583,2010-10-15,26841.7,0.21,140.7122245,58700.95072,12470.40625
584,2010-10-08,26391.38,0.68,170.6373007,60585.41328,14487.90545
585,2010-10-01,25670.57,0.68,185.5356567,62135.14429,13243.87715
586,2010-09-24,25311.54,-1.2,139.8114626,64085.68321,10156.82249
587,2010-09-17,25592.71,-0.6,127.1727792,66966.39104,7999.24327
588,2010-09-10,25410.43,0.64,132.9597556,70070.65326,8138.530890000001
589,2010-09-03,25790.68,-0.3,113.5933338,72813.34074,8662.52528
590,2010-08-27,26098.16,1.28,123.46951640000002,75891.12817,8613.55588
591,2010-08-20,25923.88,0.43,114.0350952,78694.05549,9525.40207
592,2010-08-13,24945.65,-0.2,124.9348063,80993.36829,11629.43602
593,2010-08-06,25249.67,0.09,102.9311329,81738.34787,12363.28325
594,2010-07-30,24870.22,0.95,76.6920843,83619.72631,12665.52323
595,2010-07-23,24459.06,0.72,85.33162759999999,85645.71261,17090.74119
596,2010-07-16,23728.05,-0.7,94.1798188,86892.29550000001,13541.50575
597,2010-07-02,24045.52,0.59,100.9111033,90875.51952,13128.23836
598,2010-06-25,24336.44,1.41,63.2687346,92458.68171,14221.68064
599,2010-06-18,23924.8,0.61,57.888842200000006,93579.22259,15545.07653
600,2010-06-11,23239.98,0.41,58.7788244,95025.53656,16475.91363
601,2010-06-04,22813.6,0.68,54.6689066,96008.22763,15086.15461
602,2010-05-28,22582.93,-0.4,32.5599192,97120.54815,17007.50218
603,2010-05-21,22289.36,1.11,31.1346968,98045.00025,18110.09327
604,2010-05-14,23195.67,-1.4,24.8315001,98676.42397,19720.64722
605,2010-05-07,23286.17,-0.6,18.8647318,99156.4935,19177.65896
606,2010-04-30,24233.19,0.24,22.563378900000004,100130.65323,19164.80151
607,2010-04-23,24162.77,0.47,23.1105307,101021.77895,20886.83784
608,2010-04-16,24040.14,-0.4,12.2678463,101681.57585,21698.01377
609,2010-04-09,24128.61,-0.6,17.9341156,102170.47407,27701.70836
610,2010-03-26,24479.69,0.29,33.4640118,99970.74763,29971.66666
611,2010-03-19,24752.45,-0.2,17.487740699999996,98652.10442,26597.57947
612,2010-03-12,24597.61,-1.3,12.8057066,98113.41092,27566.760530000003
613,2010-03-05,24682.34,0.56,22.7865734,97745.14671,32734.90793
614,2010-02-26,24437.8,0.41,11.1523339,94526.38021,27712.41696
615,2010-02-19,24474.72,-1.1,2.3403875,93765.55677,23738.11038
616,2010-02-12,24465.42,-0.3,0.0,93768.69912,25117.1792
617,2010-02-05,23753.28,-0.5,22.7865734,93744.84883,30223.10937
618,2010-01-29,24304.52,0.9,0.1310617,93324.75785,27006.01771
619,2010-01-22,24020.33,1.03,0.0,91885.10964,25646.29391
620,2010-01-15,24329.05,-1.0,0.0,90773.28529,31321.43196
621,2010-01-08,24649.72,0.05,0.0024113,89777.91319,31016.77098
622,2009-12-18,23817.1,-0.4,0.0499282,87381.34675,25561.0197
623,2009-12-11,24917.45,0.41,0.5891374,86832.10839,33349.97971
624,2009-12-04,23800.76,-0.5,1.2210396,83311.15586,27203.51039
625,2009-11-27,23044.35,1.01,0.6616889,82499.23468000001,19618.54748
626,2009-11-13,23110.01,1.92,0.4399912,82783.36605,22714.96541
627,2009-11-06,22571.65,-0.1,0.5216917000000001,82603.44664,21332.49242
628,2009-10-30,22086.96,-1.7,1.3216764,82961.58163,23738.29604
629,2009-10-23,22943.15,-0.8,2.3109479,82552.09228,22993.96024
630,2009-10-16,23497.0,0.12,2.8474626,82560.19128,20255.05704
631,2009-10-09,23127.24,0.01,1.9893958,83181.88315,17732.9761
632,2009-10-02,22481.38,1.11,1.6388353,84164.8517,17715.71394
633,2009-09-25,22274.41,0.81,3.2911455,85538.35118,17534.658730000003
634,2009-09-18,22305.22,-0.1,3.2151185,85936.04687,18744.50343
635,2009-09-11,21999.58,-0.3,7.6598468,86773.91208000001,22618.08389
636,2009-09-04,21345.29,0.33,7.8698426,86216.88256,15946.40391
637,2009-08-28,21336.47,0.63,11.692674,87639.14754,17285.317860000003
638,2009-08-21,21066.82,0.68,9.9420708,88312.35502,16358.97687
639,2009-08-14,21114.58,0.07,9.7398052,89471.41997999999,13938.56774
640,2009-08-07,21556.69,0.47,10.6897862,90578.52386,17126.05227
641,2009-07-31,20975.64,-0.3,20.2895942,91202.77813,19704.03864
642,2009-07-24,20830.34,0.23,18.8233822,91310.2019,17443.7567
643,2009-07-17,20744.14,0.23,28.724106,92154.28137,20781.93502
644,2009-07-10,20648.25,0.02,35.3687247,92065.92537,16995.72355
645,2009-07-03,20814.99,0.25,47.6338695,93188.13372,16931.1871
646,2009-06-26,20503.02,0.37,41.5905148,94250.83191,15792.31445
647,2009-06-19,20404.95,2.02,37.6282707,95313.90579,16052.98327
648,2009-06-12,20197.47,1.66,31.7324291,96200.37983,15825.05224
649,2009-06-05,19753.8,0.36,34.417837500000005,97240.53188,16703.52394
650,2009-05-29,19710.72,0.48,32.8249623,97885.97529,17471.73198
651,2009-05-22,19542.95,0.88,31.998028,98933.38262,17909.16643
652,2009-05-15,19614.87,-0.1,31.9327097,99397.82835,20353.43829
653,2009-05-08,19465.88,2.58,40.7682111,99769.46719,21203.43544
654,2009-04-24,18466.21,1.79,28.4749575,99327.39558,24209.48092
655,2009-04-17,17784.65,-0.1,36.996772500000006,98980.98949,29380.54852
656,2009-04-03,17670.34,1.74,95.6558703,95943.66482,30848.60424
657,2009-03-27,16776.96,-0.3,87.65921740000002,94268.33919,27784.46444
658,2009-03-20,16270.09,-0.8,97.4310814,93316.36296,27981.14687
659,2009-03-13,15977.77,-0.0,74.402738,91660.15796,28103.28491
660,2009-03-06,15827.16,1.09,60.4073731,90138.5254,27579.33608
661,2009-02-27,16164.01,0.8,18.9639172,89563.40110999999,32434.54469
662,2009-02-20,15992.83,-0.7,62.83907310000001,87608.8622,39735.8039
663,2009-02-13,15892.96,1.14,55.6956916,83487.39507,35183.320270000004
664,2009-02-06,15631.87,1.79,51.281168400000006,80531.37498000001,36775.37682
665,2009-01-30,15180.22,-0.7,104.0916748,77259.79313,39517.47563
666,2009-01-23,15257.08,1.42,129.3442185,72698.20582,34325.51801
667,2009-01-16,15482.53,-0.1,59.6758963,69336.27098,25636.76572
668,2009-01-09,15422.06,0.51,35.5326917,68745.57724,31885.99598
669,2009-01-02,15812.72,3.41,76.5084698,66534.44484,34638.60777
670,2008-12-26,15173.54,0.78,92.2781544,62061.09747,29797.32268
671,2008-12-19,15587.47,0.09,115.2876942,59498.72303,27198.33293
672,2008-12-12,15608.88,2.05,104.197916,57350.95088,14124.06647
673,2008-12-05,15880.94,0.35,95.0426384,58598.32428,15798.05179
674,2008-11-28,15785.5,-0.1,92.2812058,59351.38772,16041.00734
675,2008-11-21,15349.61,-1.7,108.9525796,60285.72506,18512.90837
676,2008-11-14,14899.18,-0.7,113.2985277,60276.94501,17302.27241
677,2008-11-07,14504.59,1.54,99.7222956,60896.51594,15502.459180000002
678,2008-10-31,14375.72,1.2,99.5280094,62185.29632,13787.708320000002
679,2008-10-24,12924.14,-4.9,92.3881522,63695.96197,13621.25228
680,2008-10-17,14322.56,-1.1,75.3849482,64928.91509,13669.40762
681,2008-10-10,13072.37,-3.4,97.6780464,66908.28651,16787.143500000002
682,2008-10-03,16010.06,-1.2,100.6279874,67533.09433,14033.69055
683,2008-09-26,16590.08,0.66,118.1656522,69467.67614,11058.88076
684,2008-09-19,16368.44,8.05,115.9467616,71472.97996,10466.57616
685,2008-09-12,16068.81,1.75,102.912481,73683.03331,10927.34429
686,2008-09-05,16248.79,-0.3,89.8532388,76496.58619,9511.48306
687,2008-08-29,17483.2,-1.6,71.2752467,79123.33975,10737.27498
688,2008-08-22,17874.0,0.0,79.08317300000002,81360.51273,14319.16324
689,2008-08-15,17866.87,-0.5,118.097638,83066.01593,15902.195790000002
690,2008-08-08,18858.23,-0.9,136.80726380000002,84364.17144,15381.6213
691,2008-08-01,19023.94,-0.7,143.77712440000002,86229.66317,12279.00094
692,2008-07-25,18937.1,0.24,108.0078398,88391.58836000001,12787.38817
693,2008-07-18,19169.06,-0.4,101.4079718,90578.4417,12418.52458
694,2008-07-11,18860.11,0.26,90.548189,92319.3455,13694.30043
695,2008-07-04,18253.77,0.02,87.2682546,93829.90651,15958.78451
696,2008-06-27,18979.93,1.46,78.1284374,94763.53734,16771.18781
697,2008-06-20,18604.77,-1.3,72.2385552,95869.35434,17038.78984
698,2008-06-13,19153.61,-1.1,78.6184276,96955.40659,18488.16736
699,2008-06-06,19073.25,-2.1,79.52855110000002,97901.14148,20067.09037
700,2008-05-30,19174.93,1.87,41.8643489,98249.766,18550.9161
701,2008-05-23,18537.94,-0.3,26.480541,98854.33572,18727.27676
702,2008-05-16,19063.24,1.82,0.0,99149.79134,21637.94094
703,2008-05-09,18418.32,-0.3,22.7197632,99108.26144,26813.94234
704,2008-05-02,18446.99,2.34,33.9415285,97495.28008,27723.01303
705,2008-04-25,17737.49,0.98,29.7602678,96715.82845,26745.61919
706,2008-04-18,17525.56,0.72,65.3911855,95873.0002,28453.05829
707,2008-04-11,17329.5,-0.9,111.0840372,94541.27947,30590.47427
708,2008-04-04,17795.22,0.07,81.4132775,92148.57617,30614.17704
709,2008-03-28,16507.74,-1.0,79.659321,90610.48898,37846.92318
710,2008-03-14,17068.63,-0.1,134.8403518,81957.13897,36208.11981
711,2008-03-07,17220.38,-1.6,143.48017900000002,78809.97449000001,34566.30684
712,2008-02-29,17467.5,-0.9,218.6694807,76045.29959,37358.25175
713,2008-02-22,17354.56,1.85,164.24141509999998,72277.74065,33490.3626
714,2008-02-15,16682.78,-0.3,122.0816028,69731.86196,36697.83745
715,2008-02-08,15908.74,-0.4,257.8117946,66367.62903,45203.45144
716,2008-02-01,16358.64,1.67,554.9689004,60053.04511,40428.51963
717,2008-01-18,16211.9,0.05,636.3934390000001,52758.17198,21019.24795
718,2008-01-11,16940.24,-2.4,472.090558,52438.40313,17931.74852
719,2008-01-04,16893.17,-2.0,249.2672842,53209.87142,15692.21741
720,2007-12-28,17305.63,-0.3,197.6660466,54936.50088,22948.48194
721,2007-12-21,16605.22,1.77,198.6360272,53884.37777,22693.289790000003
722,2007-12-14,16623.08,-0.1,211.2157756,53551.71633,18379.67354
723,2007-12-07,17404.63,-1.0,190.5261894,54213.61969,12481.78393
724,2007-11-30,17145.07,3.16,163.0867382,56670.09344,12456.64327
725,2007-11-23,16648.11,0.29,143.0871382,58221.94487,14484.07758
726,2007-11-16,17586.26,-0.2,172.3765524,59208.77955,20025.75095
727,2007-11-09,17457.72,-0.0,214.3057138,59397.8072,15313.61748
728,2007-10-26,17763.65,1.67,202.2561673,62122.52783,10424.69124
729,2007-10-19,17026.08,-2.8,198.0088053,64166.40694,7955.68946
730,2007-10-05,17557.41,0.66,159.925525,70702.07241000001,6918.53621
731,2007-09-28,17196.38,-0.2,185.3562928,73801.79703,7897.54862
732,2007-09-21,16690.96,1.26,143.5903177,76534.31854,8226.89343
733,2007-09-14,16444.3,-0.5,127.3174536,79584.95133,8187.283560000001
734,2007-08-31,16843.85,3.0,62.6611592,85093.69648,9565.0727
735,2007-08-24,16663.95,1.58,39.914380400000006,87727.8888,9834.26718
736,2007-08-17,15371.16,3.74,30.812648,90167.80815,10828.91527
737,2007-08-10,16680.45,-1.7,26.8916828,92401.19959,12690.3616
738,2007-08-03,16523.67,-2.9,67.0744061,94103.58712,17140.91224
739,2007-07-27,16786.09,-0.4,114.6936654,94646.80469,20317.7856
740,2007-07-20,18085.96,-0.6,126.021735,94659.72779,15365.86359
741,2007-07-13,18260.82,-0.3,134.5632612,95835.69276,12535.83257
742,2007-07-06,18109.0,0.75,132.5189058,97693.90218,12244.69967
743,2007-06-29,17756.28,0.54,81.3006445,99496.6841,12718.32844
744,2007-06-22,17661.68,-1.1,74.0639151,101197.16987,13672.26833
745,2007-06-15,17645.18,1.42,108.80776699999998,102724.22636,15074.36209
746,2007-06-08,17128.74,1.92,93.0112964,103868.31134,16670.67263
747,2007-06-01,17117.12,1.6,100.7482302,104230.17762,18414.967
748,2007-05-25,16496.75,2.16,40.2396945,104392.70008,20865.084860000003
749,2007-05-18,16396.56,-0.0,40.67361580000001,104327.3684,18076.78468
750,2007-05-11,16111.62,0.8,33.6143082,104831.72959,17876.14579
751,2007-05-04,15906.15,0.73,53.1560992,105378.52951,19639.54382
752,2007-04-27,15418.76,0.87,57.5971471,105386.01228,23697.8461
753,2007-04-20,15184.54,1.08,53.6380269,105163.03864,21108.31174
754,2007-04-13,14602.72,0.98,53.356872,105420.82091,22328.04819
755,2007-03-30,14011.55,-0.0,0.0,104028.92279,26973.56985
756,2007-03-23,13987.87,1.03,0.0,103055.81877,33459.41064
757,2007-03-16,13224.18,-0.9,0.0,100186.86367,28722.18099
758,2007-03-09,13704.86,0.68,0.0,99254.81657,24887.29157
759,2007-03-02,13484.7,-1.9,0.858132,99799.10635,25635.6906
760,2007-02-23,14220.27,-0.5,0.432612,99940.07107,29535.23275
761,2007-02-16,14206.13,0.18,0.473391,99048.14491,33661.42352
762,2007-02-09,13798.85,-1.3,0.0,97342.21117,39729.88747
763,2007-02-02,13940.93,-0.3,0.0,93743.25415,44911.37303
764,2007-01-26,13971.64,-0.0,1.129401,88054.43309,46002.10119
765,2007-01-19,13682.33,1.71,1.7293134,83003.14683,51264.70939
766,2007-01-12,13626.46,-0.0,25.4235915,75597.19273000001,52259.22678
767,2007-01-05,13444.89,-3.5,27.1050578,68664.15301,46124.56975
768,2006-12-22,13562.93,-0.0,40.2381979,59412.68801,37954.1354
769,2006-12-15,13708.18,-0.2,58.9134674,55390.22689,35947.35863
770,2006-12-08,13396.31,0.55,67.97860320000001,52603.12694,27925.72278
771,2006-12-01,12764.12,-0.8,67.7396265,51348.43317,23520.08272
772,2006-11-24,12825.68,-0.8,68.8336946,50945.20717,16591.36241
773,2006-11-17,12438.81,-0.1,60.6300357,51976.7862,15759.87234
774,2006-11-10,12379.1,0.04,83.93615510000001,53080.85143,21157.55449
775,2006-11-03,12741.24,1.92,61.6421426,53259.74233,14716.95289
776,2006-10-27,12308.62,-0.6,76.18313309999999,55172.94173,14701.60767
777,2006-10-20,12239.92,-0.6,77.3439617,56465.28706,17373.12472
778,2006-10-13,12541.25,-0.0,103.0159872,57062.879550000005,15378.25978
779,2006-10-06,12477.15,-0.4,98.512676,57870.07837,14181.63931
780,2006-09-29,11968.24,0.04,118.6437636,59490.95807,11868.09415
781,2006-09-22,11340.62,0.12,116.3397667,61503.27788,11108.10483
782,2006-09-15,11807.64,0.21,106.8495345,64075.608770000006,9303.36855
783,2006-09-08,12157.65,-0.0,113.4723768,67016.14553,11151.02333
784,2006-09-01,12147.42,2.37,114.8670273,69230.74515,10069.44056
785,2006-08-25,11701.26,1.48,89.1298913,72069.85801,8952.85693
786,2006-08-18,12034.75,-0.4,89.85774810000001,74863.51139,10563.16577
787,2006-08-11,11818.63,-1.0,90.4414221,77530.71374,10140.83172
788,2006-08-04,11582.67,0.86,96.7354776,80495.97309,10808.00311
789,2006-07-28,11373.6,1.2,79.1562495,81392.98606000001,11674.59021
790,2006-07-21,11327.64,-1.2,73.8606145,83624.79096,11703.98886
791,2006-07-14,10943.13,-0.4,76.3853837,85727.17907,12728.31044
792,2006-07-07,11254.17,-1.1,80.0295658,87583.71341000001,12872.47828
793,2006-06-30,11268.62,0.82,63.7752164,89410.76598,13106.74226
794,2006-06-23,10498.22,0.58,64.6603743,91278.67631,13386.81988
795,2006-06-16,10591.4,3.53,53.0699973,93019.51855,13725.14317
796,2006-06-09,11124.96,-1.0,49.1502296,94696.74393,14585.69482
797,2006-06-02,11521.94,0.14,47.3540232,96157.00834,15494.94091
798,2006-05-26,11722.92,1.6,43.69296150000001,97307.6185,17639.10146
799,2006-05-19,11849.47,-0.5,44.1486278,98043.05865,16438.11587
800,2006-05-12,12259.25,-0.5,38.697529,97828.04765,17327.95834
801,2006-05-05,12545.31,0.71,29.1995558,98423.71021,18432.06751
802,2006-04-28,12392.22,0.71,12.9314426,98931.59412,20699.21823
803,2006-04-07,12294.33,-1.5,19.7115181,97558.88546,30272.50787
804,2006-03-31,12147.41,0.82,35.4595867,95681.67654,31166.14974
805,2006-03-24,12763.37,-1.3,13.052394200000002,93085.85665,28070.40388
806,2006-03-17,13002.27,0.29,14.8529244,92194.24724,29228.4136
807,2006-03-10,12435.32,2.25,38.6007324,90822.26286,27191.47889
808,2006-03-03,13032.43,1.13,34.8378931,88786.63104000001,28854.73686
809,2006-02-24,12577.95,1.27,32.1420898,87233.55162,31621.10614
810,2006-02-17,12095.17,0.75,71.7993414,84935.8046,31688.22448
811,2006-02-10,11596.13,2.45,44.9937132,81836.47615,24494.67086
812,2006-02-03,11069.08,0.01,52.3549736,81384.24942000001,23411.58441
813,2006-01-27,11462.85,-2.1,29.4130252,80240.59744,19266.44139
814,2006-01-20,11334.73,0.87,1.657755,80886.50061,22468.53766
815,2006-01-13,10628.76,1.2,1.514142,81244.14619,33391.36597
816,2006-01-06,10360.06,0.9,1.430811,78852.76976000001,35189.97269
817,2005-12-23,9763.14,-0.8,0.6293466000000001,74997.90828,26733.45534
818,2005-12-16,9620.38,0.58,6.329871300000001,73750.47573,35190.49389
819,2005-12-09,9487.96,0.37,13.3517836,70115.48236,31743.75926
820,2005-12-02,9639.38,-1.1,28.2599244,67378.21779000001,25576.02928
821,2005-11-25,9420.02,-0.6,31.7510626,65734.04749,17009.037800000002
822,2005-11-18,9465.63,0.51,22.9924839,66429.82179,14279.56761
823,2005-11-11,9381.47,-1.3,22.2801567,67564.44685000001,14535.56454
824,2005-11-04,9593.76,0.77,32.0104714,68303.70342,15540.41948
825,2005-10-28,9023.54,1.6,33.0547061,68368.19149,12584.13668
826,2005-10-21,9168.2,3.24,27.6289914,69729.22402000001,12184.86849
827,2005-10-14,9475.04,-0.4,25.8823573,71455.34969,12385.37066
828,2005-10-07,9130.26,2.76,24.0723198,72908.01915,13121.42696
829,2005-09-30,9488.25,1.04,19.481100400000003,74269.24365,13761.63481
830,2005-09-23,9303.28,0.62,21.8733989,75235.20598,13439.10719
831,2005-09-16,8910.17,0.95,25.3167343,76406.76030000001,13043.95921
832,2005-09-09,8407.67,2.74,33.149112800000005,78045.19864,12480.08888
833,2005-09-02,8119.39,0.81,39.3213266,79145.71299,12872.47975
834,2005-08-26,7891.56,-1.6,31.2868104,81125.79973,9791.22256
835,2005-08-19,7868.0,-0.3,34.9441827,83238.44262,10177.34339
836,2005-08-12,7775.43,1.13,26.0281942,85194.50682,10851.60301
837,2005-08-05,8013.86,-0.6,26.2913807,87370.18422,11432.94464
838,2005-07-29,7899.76,1.8,27.7762416,89036.12584,13727.99117
839,2005-07-22,7469.97,-2.9,28.5998413,90090.92345,13091.06676
840,2005-07-15,7671.39,-3.3,26.6530732,91380.17687,11969.00694
841,2005-07-08,7234.32,-0.9,21.0854567,92827.56197,13558.64962
842,2005-07-01,7873.25,-0.0,15.776087100000002,93696.6172,15514.93881
843,2005-06-24,7909.29,2.46,23.732780400000003,94355.01768,16766.425900000002
844,2005-06-17,8223.44,1.47,25.9647897,94353.14926,17604.42679
845,2005-06-10,7943.22,3.12,13.580362,95256.82398,15649.60756
846,2005-06-03,8410.85,-1.7,21.4812816,96102.42648,21921.12888
847,2005-05-27,8113.06,4.38,32.428992300000004,95677.21592,24822.7352
848,2005-05-20,7767.12,-1.8,47.05667940000001,94013.52596,15920.357720000002
849,2005-05-13,7479.41,-1.0,36.1750242,95096.416,15755.15386
850,2005-05-06,7610.82,-1.0,35.589893700000005,95985.2156,17623.44089
851,2005-04-29,7387.33,2.27,33.911067,96043.13647,19817.99563
852,2005-04-22,7078.58,-2.1,25.228077000000003,95914.82694,17263.7157
853,2005-04-15,7007.28,-1.9,16.011498,96557.4471,20106.75806
854,2005-04-08,7036.46,-1.8,22.043709,96762.88329,25640.26855
855,2005-04-01,7176.33,0.42,4.827879,95857.56717,30165.14999
856,2005-03-18,7124.0,-1.8,13.6667373,91855.65047,28148.058360000003
857,2005-03-11,7137.69,-1.4,4.3349850000000005,90248.7413,25770.40587
858,2005-03-04,7311.54,0.18,7.7776215,89327.01854,28663.63733
859,2005-02-25,7417.31,-0.9,2.0070360000000003,87412.59022,23775.1692
860,2005-02-18,7169.36,-0.9,1.225143,86772.59328,26540.95818
861,2005-02-11,7224.67,-0.4,0.6560100000000001,85862.22506,25285.31849
862,2005-02-04,7151.01,4.76,0.540765,85413.64406,31455.52691
863,2005-01-28,6408.02,-1.0,1.5057051,82862.29883,31140.87738
864,2005-01-21,6407.45,1.4,1.7733588,80474.87313,37984.06506
865,2005-01-14,6660.59,-0.3,7.6214002,76597.96268000001,29017.4357
866,2005-01-07,6623.89,1.73,1.0245122000000002,73891.86839,29144.70585
